"Population","Height","Fitness","SeedWeight"
"AB",30.0131997375,4.9742693435,0.004059
"ALB",28.57736866,20.79215951,0.0034844
"APP",29.6324098266667,16.3510446841667,0.003257
"ASC",28.5261151783333,18.72599276,0.003007
"B",33.568431604,11.6495627552,0.0024832
"BAL",35.156416002,14.434015422,0.0040536
"BBE",30.997408678,17.008104724,0.0032508
"BER",31.0315106333333,15.6135904663333,0.00303
"BFA",28.637829884,12.5841986184,0.0031888
"BLA",37.171942398,20.927033474,0.0032
"BRA",32.564672864,22.908598346,0.0035912
"BRB",25.908568765,14.84261665925,0.00327
"BRU",40.610242896,24.1777951402,0.0025316
"CAM",30.8760053583333,18.4331209666667,0.00349733333333333
"CR",28.629376676,10.0543338662,0.0040968
"CRA",30.829414005,20.84437697,0.00349
"CRR",30.853406035,16.970613835,0.003308
"DG",26.872119084,7.4652548382,0.004296
"EQU",31.3272866333333,21.4455898966667,0.00370266666666667
"ESC",28.55594607,11.9564758441667,0.003557
"G13",27.880038782,16.0101988298,0.0029676
"G18",33.12132018,24.53186842,0.003682
"G57",30.55111000875,20.219454773,0.003318
"GPA",29.95063761,12.709810781,0.0044085
"GRE",28.3180329966667,16.480499347,0.003657
"HR",29.592714706,10.7594565094,0.0037784
"HUN",25.6827400433333,7.406847925,0.002889
"IND",27.4015226766667,14.5033280851667,0.00358966666666667
"JAY",25.9904693366667,18.9663929,0.00312666666666667
"KAN",31.04647715,18.685434106,0.0026768
"KIL",26.3764575733333,14.0088007321667,0.002963
"KOS",28.7415928933333,14.374385644,0.003656
"LEU",29.14787184,11.1035075436,0.0026584
"LOL",29.324702596,11.485739223,0.0030872
"MAC",27.94443222,11.865227273,0.0030952
"MMF",28.50523033,9.7327983315,0.003737
"MPG",26.6001935716667,9.9525879175,0.00269833333333333
"MRC",27.540045154,7.5908928888,0.004064
"MSK",30.8622440025,9.9054891025,0.002507
"MT",28.9501264466667,11.3953589615,0.00332566666666667
"NBTIC",35.6495184283333,17.8735196383333,0.00345466666666667
"NOR",25.6385926766667,11.7183620975,0.003387
"OCT",31.6991060016667,20.0369673116667,0.00362466666666667
"OKE",28.33508485,16.7918883116667,0.00299766666666667
"OWL",35.8687365575,13.36962776375,0.003219
"PRK",29.174555726,14.6452112514,0.004176
"PRO",29.8335647866667,10.6226323966667,0.002914
"RP",28.790498316,9.7526468538,0.0037696
"SAV",31.9507927885714,16.5049320001429,0.00383142857142857
"SPR",34.35977932,14.5921250638,0.0031204
"TWI",27.820395328,12.696177168,0.0032148
"WA",26.313075162,7.6351270968,0.0029548
"WCA",29.4221988083333,12.3281702865,0.00409566666666667
"WHI",29.294550914,12.1935644744,0.0028932
"XBM",38.0361995933333,19.2161512416667,0.00225433333333333
"XCS",31.999226,11.782339985,0.001703
"XCV",35.359504256,20.137509358,0.0032176
"XDS",27.9994869516667,7.461253258,0.00395433333333333
"XFS",25.9939901666667,3.77954514733333,0.002128
"XGL",29.10061326,7.268582655,0.0013495
"XPK",28.3738359825,4.879643766,0.002271
"XSK",26.40401556,3.11295833033333,0.002984
"XWS",30.18033195,2.1886372,0.001214
